,graphid
0,092a312cd95f558f
1,79b99acedf829f5a
2,780721cd15d94140
3,19ed885195f847f2
4,7c22ad86c9eb7999
5,2c89222d1ac02fdc
6,2b502ca9c631aa62
7,d7a6503dd4c02252
8,98851a4dc79ecf23
9,789660326bc944af
10,7c24c7600d350d19
11,92839f52fab03f81
12,4f6f24f29c5e277d
13,b89309dfa7da1a97
14,d7f5088ded207c17
15,a6a539c5d5f6ef0d
16,b89309dfa7da1a97
17,6343f101720f4ede
18,a747bf8e1228420e
19,9d7535a7f68a28a8
20,91ca4466102d0d18
21,14b6a01cf98428ef
22,b89309dfa7da1a97
23,e4a843fe12e48277
24,7229b6e47f0aac3c
25,b89309dfa7da1a97
26,b72c66e0e2d1b8b8
27,44946c30c563427c
28,b89309dfa7da1a97
29,309f625ed5fa78e1
30,fa2d3b00c8718244
31,b89309dfa7da1a97
32,dde094884a83f902
33,9a661261a4146be4
34,9d7535a7f68a28a8
35,437f34f068a8f12b
36,7b4aa3c26f65972d
37,b89309dfa7da1a97
38,f199b98632153e5e
39,618b90bfe0d454f3
40,b89309dfa7da1a97
41,7750f8e6d2cce1cc
42,35c51c5e7ee06587
43,b89309dfa7da1a97
44,b9bd172e4171d8bf
45,0aca67bb3e597036
46,b89309dfa7da1a97
47,1aa3b3eef173edd7
48,cfa342538d4cb432
49,b89309dfa7da1a97
50,2885585f0f3c4d27
51,93ce538c31f61165
52,b89309dfa7da1a97
53,109123ddb6dfc762
54,6202137d1cc15d33
55,b89309dfa7da1a97
56,641fa485f0d998f2
57,eeeb6cdf4a1e2d8e
58,b89309dfa7da1a97
59,97f76e45019f2c86
60,467078fe8c42ce55
61,b89309dfa7da1a97
62,0a475774fe1a71e9
63,2b65eb736a65422f
64,b89309dfa7da1a97
65,bb35894a29bd7ca0
66,c8905cf2efec3874
67,b89309dfa7da1a97
68,1099d7f4a6250765
69,de615d3e2bf5c77e
70,b89309dfa7da1a97
71,0a4f3196ecc8655d
72,ae7b94a297838bb5
73,b89309dfa7da1a97
74,fc18e46e9a7f7783
75,bd1152bcca628810
76,c08751c2bad95656
77,2c6fe2547b24f525
78,f0207691a592acbf
79,6b3680fdf3306ebf
80,b492943b3f1c20b3
81,8c60bff49c6491bc
82,d7af9eb6dbff634a
83,d21455b026150bef
84,895bf10f86f57a0a
85,b89309dfa7da1a97
86,7b5cf8a948353077
87,c7f8414dcf324389
88,b89309dfa7da1a97
89,c855773422381e2b
90,6b0d7acf58556908
91,b89309dfa7da1a97
92,20797c57abda297c
93,4b6018ce747dea80
94,b89309dfa7da1a97
95,423057e8c066e560
96,3569f7fb0ab7d9ff
97,b89309dfa7da1a97
98,de15cbde25830c57
99,356d78d9dbb21b95
100,b89309dfa7da1a97
101,f1caf298b2b85e3c
102,5719710ae263296f
103,dff9fb441aea89b4
104,24ea8c3a2bb5b4a4
105,a0741e2495ae7c07
106,ff424fb3f250a1e0
107,b9f5ba52713ec247
108,621082e0e606c5d5
109,03b88ea21b6a2d5d
110,135e58ad642accc4
111,5634a4ed2d4d3586
112,b89309dfa7da1a97
113,b5d650f598cd2fa1
114,1bad1434dfdc919c
115,b89309dfa7da1a97
116,459b2baea903c73b
117,0237bb7dfea582b5
118,b89309dfa7da1a97
119,bac6fd823e210acd
120,feb65dc18a9a415e
121,b89309dfa7da1a97
122,a1a0b52354300c4b
123,d380824ff4be5141
124,b89309dfa7da1a97
125,4dba45ab67be2586
126,8d0d2cf29c8f9417
127,b89309dfa7da1a97
128,d67f54d442cc2a36
129,6b2a4b223199dad7
130,b89309dfa7da1a97
131,0afb1bfdf13b17a6
132,06c64f023b3b3a71
133,b89309dfa7da1a97
134,5871380d81657f34
135,eba48fc2f07c7dec
136,b89309dfa7da1a97
137,19462bd79d8f9d6a
138,01c3354b8b1d3fda
139,b89309dfa7da1a97
140,8c6b976f7aa98957
141,92d72d5424794c30
142,b89309dfa7da1a97
143,ceb69b80491b7417
144,37809495e803262b
145,b89309dfa7da1a97
146,db8d788371eb4152
147,1c39d20ea895c590
148,b89309dfa7da1a97
149,7bb8ad535c1a1070
150,bb79fdb1eac3a63b
151,b89309dfa7da1a97
152,472518846c26209b
153,0784558ccf8566b7
154,b89309dfa7da1a97
155,9427a086fa2a4fb4
156,41922f528075e128
157,b89309dfa7da1a97
158,6626610213886961
159,db8f2d95c41e2c27
160,e38ffad4f93f2237
161,aa5354de741cdb97
162,ae4fdd155bea3d09
163,decb42bd09a92a38
164,b721a3fe1b3ce003
165,c87c93cbc35c5408
166,e38ffad4f93f2237
167,7ce48de18dd15cfd
168,fc2819cd4890c831
169,decb42bd09a92a38
170,33a3cc1dd64f8989
171,eed83ca5a157192b
172,e38ffad4f93f2237
173,9855912386089cce
174,e063f21d542daa96
175,d59a64c6c2782752
176,a72de99ab7a40efd
177,4f45f1de79b23ab5
178,e38ffad4f93f2237
179,61c8545fcc0b2d75
180,2114e2664ed033ef
181,88bc5d8be56a365f
182,ec75f212d8cb01aa
183,d59a64c6c2782752
184,a70002388125acdf
185,727827b54dac5b00
186,e38ffad4f93f2237
187,cca911e9eb166e14
188,2026794796767dcb
189,decb42bd09a92a38
190,91e1a1aea8b25e39
191,9e1f0fecac6af514
192,e38ffad4f93f2237
193,b376afa99bdd24a4
194,09d24b499a85ca33
195,e38ffad4f93f2237
196,f112a3fb0de1ecdf
197,5d466450f0735501
198,d59a64c6c2782752
199,28b9a86b66143281
200,7e40a146269f1ce1
201,e38ffad4f93f2237
202,36aee17877bf782e
203,b9944ab03c271ee2
204,d59a64c6c2782752
205,55ad98543e9208d1
206,0c4c6e2c25a5ee32
207,d59a64c6c2782752
208,ddc3a727e56e720f
209,d7a95b31704266da
210,decb42bd09a92a38
211,2f9fc36563d3cccb
212,03afc5b073d60f5c
213,d59a64c6c2782752
214,c056f836b83d1661
215,942e2f69b9d35139
216,e38ffad4f93f2237
217,892c70f77050686d
218,5de94c3a79cf4025
219,d59a64c6c2782752
220,daa07055f683561e
221,fa7f39ab94bf0316
222,decb42bd09a92a38
223,2cb6bb6911adfe96
224,8f908a3d53cbbcf6
225,e38ffad4f93f2237
226,afff0052fd2f502e
227,0926f0bbbbcf500d
228,d59a64c6c2782752
229,ce9407568bf409d8
230,21c97266b059271c
231,e38ffad4f93f2237
232,418aacb639b03b81
233,a43b48eb3db02f42
234,d59a64c6c2782752
235,326cb5dd5977fbc2
236,a61c61166a03b966
237,e38ffad4f93f2237
238,7a85e77b2d083910
239,3bfbff16fa9e170d
240,e38ffad4f93f2237
241,808ed4db6c10db8c
242,42942e3649f22ef3
243,d59a64c6c2782752
244,d0e1b551711f31b0
245,82142cd811806147
246,d59a64c6c2782752
247,fb087f453639bdbb
248,3af0214b6087c2bf
249,d59a64c6c2782752
250,e337e47208fa92fa
251,f984431c2ed0be0b
252,d59a64c6c2782752
253,e425ee0c54858f1a
254,860fc10b215e9d92
255,d59a64c6c2782752
256,269e2db7c6866263
257,5e0d4532e4c3cf00
258,d59a64c6c2782752
259,06dfcc78ad28a0e8
260,1f283c77f973800d
261,4da3b0938289622e
262,76f5817bd00ca03d
263,c4aeb9059078b517
264,d59a64c6c2782752
265,8870c629321838e6
266,20e7bae6bfd2d408
267,e38ffad4f93f2237
268,a64322d18d12b289
269,ab6fef68b8dd862d
270,d59a64c6c2782752
271,fd79e1c97c999ecc
272,1e1e196739ba4221
273,d59a64c6c2782752
274,68f62f284e506004
275,ca0cb9e07fb44930
276,e38ffad4f93f2237
277,c45d0203712b3171
278,c0343fd9a6dae4d1
279,decb42bd09a92a38
280,aad750031f8548c2
281,2bfc92b47e0c148f
282,e38ffad4f93f2237
283,84538070c18fa662
284,1852ca7653f41752
285,d59a64c6c2782752
286,8f7aab3eefe25cec
287,be7ae3596c8077da
288,e38ffad4f93f2237
289,21a6ab51eb05591f
290,671199ef9c18151c
291,e38ffad4f93f2237
292,4e82c501fda6aa82
293,67a877aa6696c28f
294,d59a64c6c2782752
295,53b7d9b4f72745f6
296,cc8c5c722e40d743
297,e38ffad4f93f2237
298,c639a42c9c048e2a
299,26cb229932ab9baa
300,b34eb3a0e506238f
301,397fc2e2ac607b24
302,d59a64c6c2782752
303,e9800423d59c19af
304,bb214767a734008d
305,e38ffad4f93f2237
306,77bfbf0878ff5e7e
307,cc1340fc1a063574
308,decb42bd09a92a38
309,8496ce24e315a8d9
310,8d5e633f7c96873e
311,e38ffad4f93f2237
312,8062ea637b72a491
313,b4d2e35185899050
314,beeaa6ba696f4803
315,670f94776f4278fe
316,69bc95bdfa363713
317,54f97b7d7cdee16d
318,9ac9c8a5bde34430
319,b89309dfa7da1a97
320,6779972b32772943
321,fc9e9a354ea05859
322,b89309dfa7da1a97
323,5c8f6625d0ccefe6
324,4cfbe38a0a4e02bb
325,ba25bf59978b22cd
326,106936a16bf982e8
327,1fc24b81d535fa69
328,b89309dfa7da1a97
329,fcb8026591d2d4fe
330,5482b46ed75a1d5a
331,b89309dfa7da1a97
332,b4157bc0eea1ae0f
333,29574745bb34bcf8
334,b89309dfa7da1a97
335,dfc9a893493b4b1d
336,4b0f82dec634fe07
337,ba25bf59978b22cd
338,ff20261fe10942bf
339,154d418edeac2186
340,baeae875d0fc07a1
341,b49abb7af266e386
342,81d475c5097d1c79
343,ba25bf59978b22cd
344,491d19302b43fde9
345,a154fad39336e8c5
346,baeae875d0fc07a1
347,ed53e3518d02592c
348,6888735f4da81e5c
349,b89309dfa7da1a97
350,37aaddb3c00bfac1
351,18a4d2c9f636d197
352,472f86a613c486f4
353,4532ac216808090b
354,1db76e7a326e1765
355,f077114b64ff935c
356,623226fd5abf5d89
357,3c0c19f436f7f102
358,ba25bf59978b22cd
359,b8400ada1c62d924
360,c0792c875ae5ee00
361,b89309dfa7da1a97
362,f85774e105c46cdb
363,0c2074bdd73b911a
364,b89309dfa7da1a97
365,1ec1bda0f12daaaf
366,ffb12fcf6bdfbaf0
367,b89309dfa7da1a97
368,e1992c9412db2e6d
369,c0ce3f284aad0be5
370,b89309dfa7da1a97
371,7d7fc5dfe6437637
372,f46c124a019bb534
373,e38ffad4f93f2237
374,27d9175d4e634578
375,e5d9e5d0cf8c4925
376,ad9915658c1502c9
377,1be15cd3f17e74e4
378,ba25bf59978b22cd
379,d63777d9314933a2
380,c9377cdb434a25b9
381,b89309dfa7da1a97
382,f9d6392b38d37bc5
383,8bd21dc12839dfb8
384,472f86a613c486f4
385,8a6667307f29d96d
386,1cf2aa0849f03de5
387,f077114b64ff935c
388,3627ba03f0c6eba1
389,14a4c44d3c73d081
390,baeae875d0fc07a1
391,0159c335387e480d
392,dc0c8028a086b64f
393,ba25bf59978b22cd
394,f9e870f24ef9db95
395,e221d10812c7f140
396,0f11cf69798a1dc1
397,3daecad62cacd42f
398,074aba86d13506cf
399,baeae875d0fc07a1
400,e226e805a6de3eb6
401,980a9ee7e7ca5cec
402,e38ffad4f93f2237
403,62176280a57c0f9d
404,b485d115c6e4048a
405,cce90c34826ad7a1
406,dc3561046870b71b
407,e38ffad4f93f2237
408,5e5a6725fb378086
409,c3b8213eb416de98
410,d59a64c6c2782752
411,2c11987a2d6aa23e
412,b935733d1612205a
413,b89309dfa7da1a97
414,fabd14b5e3d66527
415,2566d75bcd461ec2
416,b89309dfa7da1a97
417,547506607fcc20f4
418,136f16851359bbbb
419,b89309dfa7da1a97
420,677ad5684d1ca410
421,cdf273527f1fd1b9
422,e38ffad4f93f2237
423,116d31c6eaabd0c9
424,f72768ee961c350b
425,b89309dfa7da1a97
426,1d1f9d5b80eb2ac5
427,a904da4b4f9b80a1
428,baeae875d0fc07a1
429,605c11556f3935d3
430,4535bf6f349375d4
431,ba25bf59978b22cd
432,4541d2261f45b4a3
433,8cf3979a98c244c9
434,baeae875d0fc07a1
435,4f30a20dd78df97f
436,184137c672de4ecd
437,b89309dfa7da1a97
438,687e58795d04effd
439,6393b713440da476
440,ba25bf59978b22cd
441,eab37b63913ec9fe
442,00d76d9fc53c6c07
443,521ebe45c8dd6b80
444,0e132114cc7a63e8
445,d2f7d3806aeac4f4
446,b89309dfa7da1a97
447,80ededa5550e1d5f
448,68af84298f5f8f17
449,ba25bf59978b22cd
450,5942ce677f57466e
451,2876302ab30f2fb3
452,b89309dfa7da1a97
453,adc02a3da67b965f
454,61f878f1fe994f9b
455,b89309dfa7da1a97
456,16870b62d671dc29
457,929bb31e2462302b
458,b89309dfa7da1a97
459,9c24d7f40ade7aa1
460,70dc7ba5d24807b9
461,700440f8fefb16da
462,f2bae7d37179218c
463,716230e774343fe1
464,ba25bf59978b22cd
465,2d0665075e26bd6d
466,4e0390ea1608fe16
467,b89309dfa7da1a97
468,5cae74d0ef957b9d
469,fb6f2cd130e213a0
470,b89309dfa7da1a97
471,b40481903742ab21
472,ac214de25eeae2f0
473,b89309dfa7da1a97
474,16a52a8243168850
475,8a8aecf3d963022c
476,b89309dfa7da1a97
477,c81e938a9f0ac481
478,cb24413f45f95848
479,1beecc45c31fa687
480,9f190378bf625b6f
481,16abaa830a29f41e
482,e38ffad4f93f2237
483,4c172077cf3b0ca4
484,9b45a7203cf17135
485,d59a64c6c2782752
486,61bd6a058d0bc6ba
487,8135f46a2479df94
488,b89309dfa7da1a97
489,e7d83839e5853dfb
490,6cfe52f239efd89b
491,b89309dfa7da1a97
492,ef7a5f950e130693
493,388bdb7eec8b7a20
494,69bc95bdfa363713
495,bed332edcb02c4ee
496,08f7a672c41f1412
497,53c8399c8f64b339
498,6009249f1c48b259
499,25b38dc4b5ce7d23
500,b89309dfa7da1a97
501,c5904f4422b7762f
502,20f9d06113757ce8
503,ba25bf59978b22cd
504,acf3c37e064f2b23
505,d7f5318f1899825c
506,24246b63b436a15a
507,a604951686287b33
508,2f57fe7ebe272731
509,ea2886e43a3046bd
510,b89309dfa7da1a97
511,123f5d471d710915
512,d0414ae3c7c7f5b8
513,b89309dfa7da1a97
514,5897f23db85830fd
515,1dab13d026b5d6fa
516,baeae875d0fc07a1
517,a06cdc38a9eca126
518,f37e1017fbe1e111
519,b89309dfa7da1a97
520,d687ddf5226ebd71
521,2c29a4248ba496d4
522,b89309dfa7da1a97
523,070aedfa88d7b3f9
524,408de597b70d9848
525,baeae875d0fc07a1
526,9eaa6b3fe912a17a
527,c32b5afc30b07cf9
528,934953d29acf346a
529,6f3bf8f0b630ebe3
530,f65d791e71a9bc4c
531,b89309dfa7da1a97
532,75ee9746993e15b8
533,77b0ba4ca649db81
534,e38ffad4f93f2237
535,d6dc783ce4d2bd3a
536,305fc4aed5a5e49b
537,d59a64c6c2782752
538,8ce02cdb58db46a5
539,f84dde53c78b0f6d
540,b89309dfa7da1a97
541,51a414d48e714535
542,3511a2ee2d15d69b
543,baeae875d0fc07a1
544,5d70ad219aa88909
545,efe639514e98c778
546,165ea2087f85f091
547,6a3ac5ba4ba834e4
548,d934b603b3e45a5e
549,521ebe45c8dd6b80
550,30b6ef51928cbc00
551,c4358671bddae6c9
552,b89309dfa7da1a97
553,39c0b8e1b6a11d9d
554,dae0e6a2abc4cfc1
555,baeae875d0fc07a1
556,629534665841bfbe
557,ddba3331eef06329
558,e38ffad4f93f2237
559,a1b844fd69628b52
560,8b5255601b2ece28
561,d59a64c6c2782752
562,cd2a66c65cb1933b
563,f572aa93472259e7
564,e38ffad4f93f2237
565,7c25ba28e1dd5dbb
566,3b40de9eb0cfeb56
567,d59a64c6c2782752
568,6317bda7907b0b8e
569,37d51c67c803ec68
570,b89309dfa7da1a97
571,fec9811039a03f16
572,22d436f244f41aba
573,b89309dfa7da1a97
574,7177d2281c0fe96b
575,a5a2e83d7ba48ddd
576,b89309dfa7da1a97
577,3ddb4dbf3381b9a7
578,053c1f226894c6ef
579,d59a64c6c2782752
580,32e12a7b6692cc18
581,5dc5b9d82d60e539
582,baeae875d0fc07a1
583,4916b654113f69dd
584,1bf4aa0a17bfed90
585,ad6b993d750ae48d
586,8a9cabfa35fd6f90
587,6afc40e1b6e8fd69
588,a8a4402ab48f9a45
589,4459d160493f6f89
590,f34e4d57a70ea8ee
591,94ff4eee1472fac8
592,63ce7e349b1af82f
593,629f2ca3808294c4
594,baeae875d0fc07a1
595,3c6c2ce380d4dbd9
596,f4b630114b3a6091
597,e38ffad4f93f2237
598,3efee47e7a5bda1d
599,bd99b73f0bfedebd
600,d59a64c6c2782752
601,02e04f8c7b055086
602,39a048f1697e6be9
603,b89309dfa7da1a97
604,d00f17d3f75c0222
605,eb8eb72adfdc3264
606,b89309dfa7da1a97
607,6fe866fbe83abd9d
608,17891e59710a89b3
609,b89309dfa7da1a97
610,9b14ad8dc3a26074
611,baf04bd093ead511
612,e38ffad4f93f2237
613,807ad19aa86b8bc2
614,a9c8ff5d4e7602f2
615,ad6b993d750ae48d
616,3a4c12fc86dcca3a
617,2527d723a860d55d
618,1beecc45c31fa687
619,d701ade16c89b532
620,0cb76526b90527f0
621,d59a64c6c2782752
622,2c0d2d87dd79e13e
623,74205c6d4193abfc
624,baeae875d0fc07a1
625,ac1667b43d29c2cc
626,e02404dae52ce771
627,b89309dfa7da1a97
628,4e13abb9fc3e4f36
629,04baba640d26e58c
630,b89309dfa7da1a97
631,a4eb70361aa570af
632,ea8fd6db77cebbcf
633,b89309dfa7da1a97
634,6683f8e0da24eccb
635,17264a79aa3c94b0
636,b89309dfa7da1a97
637,4d9464605e865ffd
638,aeccc92decacd4d0
639,b89309dfa7da1a97
640,1a0b38870e3eda57
641,613054337cfd4859
642,baeae875d0fc07a1
643,3b2596872e5ed204
644,07370491ba5d5de6
645,e38ffad4f93f2237
646,b2502f3a782029a8
647,f001ee0ff50a1764
648,5a9e309c3a883596
649,4d7198f499ca9954
650,b89309dfa7da1a97
651,1cd90747e702be59
652,219830bb2ea4f031
653,b89309dfa7da1a97
654,bb122b4ae293ad07
655,a6f59eb6d67ca2b3
656,b89309dfa7da1a97
657,22a42108b1513034
658,782059f7d50cbe1c
659,b89309dfa7da1a97
660,e1c42039f7fa7207
661,32139874462dc579
662,b89309dfa7da1a97
663,515e51ad85ab96f6
664,b837785d17637d8a
665,b89309dfa7da1a97
666,bb9e0a30b27b2f1c
667,e27098ba2ad60350
668,b89309dfa7da1a97
669,d6fd55e0b28fc9b3
670,1984447428e1febb
671,b89309dfa7da1a97
672,75f6cc7e1133e591
673,d21760042a6b6d80
674,b89309dfa7da1a97
675,77fe6c79b3e54535
676,500738c7e5b4e480
677,b89309dfa7da1a97
678,5c99a214a60fa4b5
679,eeafa3eb4668a4b4
680,b89309dfa7da1a97
681,0ff9b6ea8bbb02e4
682,6aed2ca1a843c51c
683,b89309dfa7da1a97
684,f8ed836ee64b6ded
685,29c2cc10349d3ea9
686,ba25bf59978b22cd
687,c794a4c6e94a0078
688,78b3a77b51ba0f7a
689,b89309dfa7da1a97
690,4f2235c0a7df5a76
691,d55865d3534faf2c
692,79b99acedf829f5a
693,10da3c0164ed2d1a
694,131d1ae29ef0cd65
695,b8a15c87d2c5699d
696,5430a973cd40d7cb
697,6c96ae6ea1340ac2
698,1beecc45c31fa687
699,5b1a95aba0ff38fc
700,06ceefcde3891329
701,d7a6503dd4c02252
702,a2e4d64235382a52
703,e24f454993b3aff9
704,7c24c7600d350d19
705,635ff654e4bf3911
706,fceccc867a1b6384
707,447f6d126a584b45
708,7dc0b24b0a29fe8b
709,89ac418ccfa6ec11
710,16aaff7350690be9
711,91b74fca2511f87e
712,ad7615e29d53a1b7
713,42e01455cde83f82
714,f362b7d132eae695
715,f2ad9b6b5bac2307
716,4edced59db06d069
717,9c0b86ecc6f8cfde
718,2b1c5c6751dbefe3
719,f2c97c8a5e0d84a9
720,b035a4192449bbcc
721,b5909c0fe53cefa7
722,c4ab43b9db504360
723,8805832fe7b7df8b
724,da498d90d248732b
725,6c89eec35466ccbd
726,78f080024b9e8f51
727,8c502a95fcb3e888
728,5a59a63b61043c34
729,fc5e310ab1e05404
730,cb4a284ef1e48e8f
731,35aae030f36d307d
732,9630ad3c2e30c9d3
733,033439751c269859
734,3336f7aae94e1773
735,30d1d034ba684271
736,a4c8a4d2ff054163
737,6073537f73bfd11f
738,3107b00d6e1160ec
739,a46cbaac85e9029a
740,835dcef46135a77c
741,c40f97766e47f4c4
742,b125e0f016ef07ac
743,383222ca45a9dfcd
744,99e23715dce24c35
745,f3ab7fa126baa60d
746,5f80c6d80b740ee9
747,e0410e26a6b31d6d
748,5e551ba4cf7468e3
749,37905331abe03c24
750,1654efca6286bb0c
751,534b117a6008e98a
752,23f3f6645718b5ef
753,e8fee26b81b30e2a
754,f144e3020d710ff5
755,ee5fe28416d6a84d
756,975294a6ba298587
757,d9d91e9d8933d7a7
758,2885645d15718e58
759,15d6b3abbf448991
760,ae57c4d6393791f1
761,1018b82ff8c10df2
762,565df82db567a62e
763,80a87ca5158ee41a
764,c0598ab045a14b53
765,01399dd70a7a0811
766,158c8ad7e431aa69
767,ea805cb5694de743
768,8febbf82f94d54b0
769,73d1cb938d135b92
770,a16327c69eacba37
771,dd254ab481ee22c2
772,6bbbda4ffd1f1559
773,626fb1da8989dd45
774,6a1a0b6915003e71
775,df37973d714a4be4
776,7a676f49a9cddb94
777,16f44c597f98875d
778,bea4f41ef7e390ce
779,8462d2447be5bda0
780,d155f64cdf1dacba
781,b28cdb6966d81b3c
782,bce73163085fffc9
783,58ef54962f4310da
784,33ebd2a1e563f614
785,22f505a30649b7e7
786,2a77c9b05b61a9a4
787,15b5811a1cb3bd94
788,b89309dfa7da1a97
789,6fc8b91ccf5ea840
790,398a5e13094d1121
791,7901e1cefdc34351
792,e158f9d3a14c166b
793,9a194681dbf2af32
794,18ea388b466e2538
795,ef41c3b9ce8f3cb6
796,655c1c3a6220491f
797,012f1d048a921b87
798,b3f778ccf3cd2906
799,06a465cefe01ec62
800,5ec870ad8ff1ca4d
801,c540a16a0da407d6
802,18ea388b466e2538
803,a63d9f7019a52897
804,9852620a9c9d4452
805,18ea388b466e2538
806,a6cc4b35a9a4477d
807,80f5c062cea2a488
808,03b88ea21b6a2d5d
809,60b936eea130ca80
810,a7d4d08a85737f97
811,c9bb00d36d1e4e85
812,b48b95d283e3975c
813,339a9f85af451a17
814,38db2778e5d7323d
815,e4a924d6a03e8b61
816,1f24b8b28983115d
817,886213ff318566e0
818,d3491a6f8b4809ca
819,f40eb289f7773bf8
820,697f62a7f2ad54ad
821,e82fc15e7dd9684f
822,afc8402d6ac34990
823,33a6d9cc6d3e2d4b
824,d1abf96a20d878a6
825,5ea79d38d0ee425d
826,56a48165c6200d60
827,d950a3d2861c491e
828,f0b24b0423888980
829,8548de415b9989bd
830,8fd6a4e8d53966d4
831,0e9e1bd1cbb318fe
832,3849d2663f36ecca
833,48c4a2aa60bbf78c
834,cc8db9a8b3253f37
835,7d4211ac9fb5862c
836,d96b10890ed7ea22
837,367556261d3d6174
838,03b88ea21b6a2d5d
839,e49109bbba7ee9f4
840,2c275383e0c44fe5
841,0994399bbead8538
842,5d9ed0e659a0c927
843,55ca2b71f36e6ea5
844,03b88ea21b6a2d5d
845,1f2eb437164fc895
846,e6f5779a91f95f2e
847,ef76147634ee3f7e
848,082cba7e1167fc74
849,440ee970fa292b26
850,dc22eeebc1c59334
851,5e8908c9e5f34f6f
852,c302a3acb22cd5dd
853,946c1f2cccb81426
854,7d2c1c54592d0a7a
855,361e6e7171acff45
856,cec3e43b09f71553
857,a31efad63f9ee1a4
858,70007510c0b1b6fb
859,ea06a00ac4a09cd0
860,493c8749f6e8c6c3
861,9e478efa382230c8
862,9ff1aca5895e990b
863,3d0dc26824a7674a
864,4aa8ea16b0d85d10
865,1e7ad14a98a4e774
866,b61765c13475e5db
867,b553c83518cb665c
868,9ff1aca5895e990b
869,21302f5ee84b8ec5
870,1f43c59a6434f9e9
871,b224dff70a7aaf87
872,350a398508911cda
873,7df9f93f6665d68a
874,8d12c462a7700315
875,6e784b7922d92ac1
876,3dd8313dda505be1
877,057d427ca0e129f1
878,605f418ea0ae74b7
879,a55d9d87e718fdc7
880,a4019f47e42ccf79
881,1933ab1fcdcdaf1d
882,64f89710c2fb882d
883,5e1a3ddc4243d5bc
884,5bb0822b04cda330
885,dcc2801491e827b0
886,7c22ad86c9eb7999
887,0450dd2347829dce
888,f97b9aa71721d59b
889,f65d2526baf48d9e
890,0a1f624aa5a3e1ff
891,e6e580d8ddfdde76
892,a9f3cc83104a6ad5
893,e495130ae0652570
894,226bdac4d59cab28
895,791e030ba06edc34
896,bc4264ca9a511909
897,f2c5f86b960b40ca
898,e7c7625598f309a7
899,479fc84f1545cf90
900,67c62f8b784473cf
901,7e565a34a6a32b86
902,a04879bb9f93fc2d
903,d0b37af3568eca9f
904,2e25e57ba2ddeddd
905,f911c21afa8dd7ca
906,531de3eb665a20aa
907,2e25e57ba2ddeddd
908,8355ed1a1aab4828
909,2ea8ce652a004f7c
910,a3dc04e4fd7225e9
911,ba56a0068e2ce67e
912,540fb5978743d305
913,fdcac662b59cfad4
914,925d7b89ff309f29
915,772e4841720513a7
916,be0f146eb5f1b29c
917,31b9b63399898b09
918,fadfc5d0dab363f4
919,f1840980330836cd
920,55af2efe43916c24
921,5c33152a2849f474
922,fe7075b123877c03
923,1eb442740b9b7b53
924,bd4a175fad2de997
925,c6e80ffaa6792bae
926,d86f1d1dc21713bc
927,eb2907d729165dbc
928,d5a0516022ba7759
929,38f7beaa563bdea9
930,279cc560d904d292
931,421fc0afecc4f77c
932,43a96e05835951db
933,751a1541604af7b6
934,0fae700d3d539fd3
935,981287169ddbc049
936,7f327760ada86d93
937,91cf06ace0fd5350
938,88313ed61018345b
939,201647d927aee065
940,2c08be0095130613
941,7ff71bd32d349306
942,1c1ecdd47e082bc8
943,84da1de5917cf415
944,624fe887f8b22d0b
945,37304a816b0d68ac
946,60db1dca8275a941
947,42e71b147619c095
948,aea6871f479bac33
949,832e5a5fc6bce27d
950,7d7b797b50bbf961
951,0e620f42758c8b7a
952,db7a1d7af84efcb7
953,a325cd68b2db75c6
954,36e7026cf50d33e8
955,6615a5c8e261aa2e
956,9b03407a404014bb
957,73c8ffc402fdcd21
958,234790b5530d9f49
959,57310b973334d092
960,e349db3d808ffecf
961,c9f94601ff9c4ab2
962,a49136d2bef0c352
963,9a806e290351758c
964,c379738ef02f0037
965,8ac74d5bc7c7dc55
966,280842e30f072d0b
967,5b3037c3db9e3326
968,b4289087c32df238
969,a30a58754ec3ca0b
970,8f707e40bb2a6c8e
971,af70fd675abe92e3
972,f353267b8c216d8a
973,9a1466409d1747d6
974,5d36562a243d1a78
975,d6df73231f4bb9e0
976,d9068a8fa3757b3b
977,22696515cc67bad4
978,0994399bbead8538
979,285557cc185746dc
980,4535fe5f6aa897ac
981,22cdaf1824262e1c
982,07262c96e7c07097
983,2c5307c5843cd5ef
984,c3704ce0c7ee5250
985,ca817e62db0bece7
986,0f5a94fcad2af5d6
987,6a6f75cab70503ab
988,1ea6f8871d6608a5
989,2f3b6fa4838d63b5
990,08feedadcdb80bfd
991,39db56aae03f3ece
992,0c572b8cf00f6fca
993,a18621c4d5e9f2b2
994,a56d1c29e925b6c7
995,8ec635dbc51f89de
996,8a560ca7ac52e14d
997,252a4ac051b0903b
998,79328b3239625226
999,891c85e647aa552f
1000,c5be7cef58948c11
